<?xml version="1.0" encoding="UTF-8"?>
<project-private xmlns="http://www.netbeans.org/ns/project-private/1">
    <editor-bookmarks xmlns="http://www.netbeans.org/ns/editor-bookmarks/2" lastBookmarkId="0"/>
    <open-files xmlns="http://www.netbeans.org/ns/projectui-open-files/2">
        <group>
            <file>file:/C:/xampp/htdocs/CodeIgniter/application/controllers/controlador_preguntas.php</file>
            <file>file:/C:/xampp/htdocs/CodeIgniter/application/models/preguntas_model.php</file>
            <file>file:/C:/xampp/htdocs/CodeIgniter/application/views/alta_pregunta.php</file>
        </group>
    </open-files>
</project-private>
